asset,horizon,model,condition,n,accuracy,pt_stat,pt_p,pt_hit_rate,pt_n,brier,n_trades,turnover,sharpe,sortino,max_drawdown,cagr,final_equity,bh_sharpe,bh_cagr,bh_final_equity,pt_p_fdr
SPY,daily,baseline_always_up,news_only,138,0.35507246376811596,,,0.5903614457831325,83,0.697463768115942,137,0.0072992700729927005,0.9917802701661206,1.0064547465333937,-0.09133132097249064,0.12667830239974687,1.0722962789220758,1.005380672985507,0.12773595222979583,1.0733729193890746,
SPY,daily,baseline_buy_hold,news_only,138,0.35507246376811596,,,0.5903614457831325,83,0.697463768115942,137,0.0072992700729927005,0.9917802701661206,1.0064547465333937,-0.09133132097249064,0.12667830239974687,1.0722962789220758,1.005380672985507,0.12773595222979583,1.0733729193890746,
SPY,daily,baseline_random,news_only,138,0.41304347826086957,2.465989045969207,0.006831775633667555,0.6730769230769231,52,0.6622488811251572,137,0.8759124087591241,-0.6601301482586631,-0.7029502409331401,-0.10151975089510556,-0.07487697587500175,0.9588671818438622,1.005380672985507,0.12773595222979583,1.0733729193890746,0.12980373703968354
SPY,daily,baseline_momentum,news_only,138,0.2536231884057971,-1.5215133388605853,0.9359344667291575,0.42168674698795183,83,0.7794788325319675,137,1.0,-0.12727057461845978,-0.12151828963948011,-0.13540027488251616,-0.015617284973835077,0.9851484053869676,1.005380672985507,0.12773595222979583,1.0733729193890746,0.9836640116500178
SPY,daily,baseline_sentiment,news_only,138,0.35507246376811596,,,0.5903614457831325,83,0.8234455208310799,137,0.0072992700729927005,0.9917802701661206,1.0064547465333937,-0.09133132097249064,0.12667830239974687,1.0722962789220758,1.005380672985507,0.12773595222979583,1.0733729193890746,
SPY,daily,claude_opus:P0,news_plus_price,138,0.36231884057971014,-0.018175265303792123,0.5072504825972698,0.4935064935064935,77,0.6754043478260877,137,0.9562043795620438,-0.21511413873665994,-0.21463780571284163,-0.15369827211695808,-0.025853202657800778,0.9796066640296509,1.005380672985507,0.12773595222979583,1.0733729193890746,0.9836640116500178
SPY,daily,claude_opus:P1,news_plus_price,138,0.2753623188405797,-2.1360912515843364,0.9836640116500177,0.3698630136986301,73,0.7045898550724651,137,0.9124087591240876,-3.4104065148380416,-3.0090610086719773,-0.2293420867573972,-0.3661573528631574,0.7768260654972506,1.005380672985507,0.12773595222979583,1.0733729193890746,0.9836640116500178
SPY,daily,claude_opus:P2,news_plus_price,138,0.2971014492753623,-0.4078531298109608,0.6583092475585857,0.4675324675324675,77,0.6903202898550738,137,0.9854014598540146,-2.3237834160207216,-2.109224341730876,-0.17872314285460145,-0.27213083599275223,0.8370348219375976,1.005380672985507,0.12773595222979583,1.0733729193890746,0.9836640116500178
SPY,daily,claude_opus:P3,news_plus_price,138,0.2971014492753623,-0.19193603451887478,0.5761038446480892,0.4647887323943662,71,0.703413043478261,137,0.6058394160583942,-1.4709262951752464,-1.3655000040743042,-0.1555849800139959,-0.1943050089582904,0.8947902149692064,1.005380672985507,0.12773595222979583,1.0733729193890746,0.9836640116500178
BTC,daily,baseline_always_up,news_only,203,0.2561576354679803,,,0.46846846846846846,111,0.7469211822660099,202,0.0049504950495049506,-0.8580241002286186,-0.8563853954465462,-0.39532095233321174,-0.3490161169775572,0.7160680615379502,-0.8484206843743523,-0.34778963664716134,0.7182106282594084,
BTC,daily,baseline_buy_hold,news_only,203,0.2561576354679803,,,0.46846846846846846,111,0.7469211822660099,202,0.0049504950495049506,-0.8580241002286186,-0.8563853954465462,-0.39532095233321174,-0.3490161169775572,0.7160680615379502,-0.8484206843743523,-0.34778963664716134,0.7182106282594084,
BTC,daily,baseline_random,news_only,203,0.2955665024630542,-0.7184124199652522,0.7637484844768317,0.484375,64,0.66691311494292,202,0.8217821782178217,-1.3547508324946296,-1.3416014298237904,-0.43047605401765743,-0.4097209187523094,0.6567362904835861,-0.8484206843743523,-0.34778963664716134,0.7182106282594084,0.9836640116500178
BTC,daily,baseline_momentum,news_only,203,0.2413793103448276,-1.2867083305911107,0.9009020158184746,0.44144144144144143,111,0.845080792335021,202,0.8762376237623762,-3.2101030794777192,-2.740176864451468,-0.6739247998595317,-0.7435291918997791,0.34063685830667867,-0.8484206843743523,-0.34778963664716134,0.7182106282594084,0.9836640116500178
BTC,daily,baseline_sentiment,news_only,203,0.24630541871921183,-1.5101678416387387,0.934499698929154,0.4380952380952381,105,0.8005924511976558,202,0.04455445544554455,-2.198944302258386,-1.9546805988904963,-0.5397848444206085,-0.6040797500129542,0.47757793007695826,-0.8484206843743523,-0.34778963664716134,0.7182106282594084,0.9836640116500178
BTC,daily,claude_opus:P0,news_plus_price,203,0.29064039408866993,-0.6067275491156846,0.7279841318394328,0.48,100,0.6976066502463064,202,0.5891089108910891,-1.56182652582794,-1.3987108858908033,-0.5074769366685478,-0.4707250921703131,0.5951161352817416,-0.8484206843743523,-0.34778963664716134,0.7182106282594084,0.9836640116500178
BTC,daily,claude_opus:P1,news_plus_price,203,0.3103448275862069,0.7928616202761637,0.21392922517114188,0.5480769230769231,104,0.688881773399015,202,0.6089108910891089,-0.7810036814720773,-0.7333332076314271,-0.43187752557342785,-0.31323556437644606,0.7472897481899607,-0.8484206843743523,-0.34778963664716134,0.7182106282594084,0.9836640116500178
BTC,daily,claude_opus:P2,news_plus_price,203,0.29064039408866993,-1.5239777468084275,0.9362428648907622,0.4854368932038835,103,0.7011753694581301,202,0.5297029702970297,-2.1450382471424976,-1.963801731712099,-0.5240933260042623,-0.5798034703444643,0.49505937631841124,-0.8484206843743523,-0.34778963664716134,0.7182106282594084,0.9836640116500178
BTC,daily,claude_opus:P3,news_plus_price,203,0.27586206896551724,-1.0240227147328727,0.8470877268978001,0.49038461538461536,104,0.7605891625615756,202,0.36633663366336633,0.46292141796452074,0.4833866626981513,-0.37534912475020843,0.12767358872786683,1.0879808732099272,-0.8484206843743523,-0.34778963664716134,0.7182106282594084,0.9836640116500178
ETH,daily,baseline_always_up,news_only,203,0.23645320197044334,,,0.43636363636363634,110,0.7567733990147784,202,0.0049504950495049506,-0.9291175887376782,-0.9042785231066552,-0.5326744005818325,-0.47391809761415316,0.6015817172669093,-0.9219808690586716,-0.4729315254664309,0.6033813968808257,
ETH,daily,baseline_buy_hold,news_only,203,0.23645320197044334,,,0.43636363636363634,110,0.7567733990147784,202,0.0049504950495049506,-0.9291175887376782,-0.9042785231066552,-0.5326744005818325,-0.47391809761415316,0.6015817172669093,-0.9219808690586716,-0.4729315254664309,0.6033813968808257,
ETH,daily,baseline_random,news_only,203,0.33004926108374383,-0.1657509794487406,0.5658235374497528,0.5,52,0.6672825582930504,202,0.7623762376237624,-1.7746614285050621,-1.6723806869697253,-0.5266810723673968,-0.5809558488017611,0.49969753625267915,-0.9219808690586716,-0.4729315254664309,0.6033813968808257,0.9836640116500178
ETH,daily,baseline_momentum,news_only,203,0.2512315270935961,-0.723860420025813,0.7654242843459051,0.4636363636363636,110,0.8819190100098656,202,0.9356435643564357,-2.709588428242754,-2.4911562225598938,-0.733228672326192,-0.7968154562818408,0.2816749297074168,-0.9219808690586716,-0.4729315254664309,0.6033813968808257,0.9836640116500178
ETH,daily,baseline_sentiment,news_only,203,0.23645320197044334,,,0.43636363636363634,110,0.9643089619774358,202,0.0049504950495049506,-0.9291175887376782,-0.9042785231066552,-0.5326744005818325,-0.47391809761415316,0.6015817172669093,-0.9219808690586716,-0.4729315254664309,0.6033813968808257,
ETH,daily,claude_opus:P0,news_plus_price,203,0.2561576354679803,-1.8690104967762697,0.9691893229925356,0.5,92,0.6981438423645329,202,0.5099009900990099,-1.8156251274508373,-1.7406502890423612,-0.5826697955386309,-0.651963284591415,0.43269233194766815,-0.9219808690586716,-0.4729315254664309,0.6033813968808257,0.9836640116500178
ETH,daily,claude_opus:P1,news_plus_price,203,0.3054187192118227,1.098726163621106,0.1359437634153235,0.5833333333333334,96,0.6863083743842379,202,0.5297029702970297,-1.0240238605686391,-0.9321887191578618,-0.5091395764220548,-0.47959880660475074,0.5963947241615166,-0.9219808690586716,-0.4729315254664309,0.6033813968808257,0.9836640116500178
ETH,daily,claude_opus:P2,news_plus_price,203,0.3103448275862069,-0.36142281323321107,0.64110830176932,0.5257731958762887,97,0.6859625615763556,202,0.41089108910891087,-1.3276359964056772,-1.1915519644470003,-0.5344371290977635,-0.5442867619552091,0.5364802462985347,-0.9219808690586716,-0.4729315254664309,0.6033813968808257,0.9836640116500178
ETH,daily,claude_opus:P3,news_plus_price,203,0.2512315270935961,-1.439789665470113,0.9250365420441955,0.46078431372549017,102,0.7700847290640411,202,0.3118811881188119,0.344026049759849,0.3506630212451541,-0.25493496513746294,0.041921069810548106,1.037559887378399,-0.9219808690586716,-0.4729315254664309,0.6033813968808257,0.9836640116500178
